cod_ibge;municipio;ano;populacao_total;porte_populacional;sequencia_porte
3507209;Borá;2021;811;Até 10.000;1
3532868;Nova Castilho;2021;1.180;Até 10.000;1
3555901;Uru;2021;1.203;Até 10.000;1
3547650;Santa Salete;2021;1.438;Até 10.000;1
3547205;Santana da Ponte Pensa;2021;1.497;Até 10.000;1
3515806;Flora Rica;2021;1.575;Até 10.000;1
3515657;Fernão;2021;1.656;Até 10.000;1
3513850;Dirce Reis;2021;1.715;Até 10.000;1
3554755;Trabiju;2021;1.716;Até 10.000;1
3555703;União Paulista;2021;1.751;Até 10.000;1
3503950;Aspásia;2021;1.760;Até 10.000;1
3556958;Vitória Brasil;2021;1.761;Até 10.000;1
3536570;Paulistânia;2021;1.769;Até 10.000;1
3555307;Turmalina;2021;1.789;Até 10.000;1
3503356;Arco-Íris;2021;1.806;Até 10.000;1
3549250;São João de Iracema;2021;1.853;Até 10.000;1
3529658;Mesópolis;2021;1.893;Até 10.000;1
3555208;Turiúba;2021;1.905;Até 10.000;1
3518008;Guarani d'Oeste;2021;1.917;Até 10.000;1
3532843;Nova Canaã Paulista;2021;1.921;Até 10.000;1
3549300;São João do Pau d'Alho;2021;1.973;Até 10.000;1
3546108;Santa Clara d'Oeste;2021;1.998;Até 10.000;1
3514205;Dolcinópolis;2021;2.033;Até 10.000;1
3536257;Parisi;2021;2.053;Até 10.000;1
3546256;Santa Cruz da Esperança;2021;2.086;Até 10.000;1
3529104;Marinópolis;2021;2.096;Até 10.000;1
3513306;Cruzália;2021;2.105;Até 10.000;1
3543238;Ribeirão dos Índios;2021;2.135;Até 10.000;1
3531001;Monções;2021;2.173;Até 10.000;1
3527256;Lourdes;2021;2.183;Até 10.000;1
3533106;Nova Guataporanga;2021;2.192;Até 10.000;1
3527504;Lucianópolis;2021;2.264;Até 10.000;1
3554656;Torre de Pedra;2021;2.325;Até 10.000;1
3544707;Sagres;2021;2.362;Até 10.000;1
3547403;Santa Rita d'Oeste;2021;2.389;Até 10.000;1
3514957;Embaúba;2021;2.406;Até 10.000;1
3536901;Pedranópolis;2021;2.412;Até 10.000;1
3549201;São João das Duas Pontes;2021;2.466;Até 10.000;1
3503158;Arapeí;2021;2.469;Até 10.000;1
3510906;Cássia dos Coqueiros;2021;2.486;Até 10.000;1
3534500;Oscar Bressane;2021;2.508;Até 10.000;1
3533809;Óleo;2021;2.517;Até 10.000;1
3540309;Pontes Gestal;2021;2.530;Até 10.000;1
3554607;Timburi;2021;2.551;Até 10.000;1
3557154;Zacarias;2021;2.574;Até 10.000;1
3507456;Borebi;2021;2.602;Até 10.000;1
3527900;Lutécia;2021;2.615;Até 10.000;1
3549003;São Francisco;2021;2.667;Até 10.000;1
3515301;Estrela do Norte;2021;2.668;Até 10.000;1
3510104;Cândido Rodrigues;2021;2.672;Até 10.000;1
3516507;Gabriel Monteiro;2021;2.677;Até 10.000;1
3516101;Florínea;2021;2.697;Até 10.000;1
3553658;Taquaral;2021;2.753;Até 10.000;1
3507753;Brejo Alegre;2021;2.780;Até 10.000;1
3547106;Santa Mercedes;2021;2.814;Até 10.000;1
3515905;Floreal;2021;2.842;Até 10.000;1
3540853;Pracinha;2021;2.921;Até 10.000;1
3528858;Marapoama;2021;2.925;Até 10.000;1
3530003;Mira Estrela;2021;2.949;Até 10.000;1
3506201;Bento de Abreu;2021;2.966;Até 10.000;1
3548302;Santo Expedito;2021;2.986;Até 10.000;1
3544509;Rubinéia;2021;2.996;Até 10.000;1
3537156;Pedrinhas Paulista;2021;3.015;Até 10.000;1
3515129;Emilianópolis;2021;3.069;Até 10.000;1
3528304;Magda;2021;3.076;Até 10.000;1
3532157;Nantes;2021;3.103;Até 10.000;1
3544400;Rubiácea;2021;3.138;Até 10.000;1
3525409;Jeriquara;2021;3.141;Até 10.000;1
3500600;Águas de São Pedro;2021;3.144;Até 10.000;1
3522158;Itaoca;2021;3.187;Até 10.000;1
3501509;Alvinlândia;2021;3.190;Até 10.000;1
3542800;Ribeira;2021;3.240;Até 10.000;1
3551306;Sebastianópolis do Sul;2021;3.304;Até 10.000;1
3541802;Queiroz;2021;3.319;Até 10.000;1
3530904;Mombuca;2021;3.338;Até 10.000;1
3540101;Pongaí;2021;3.340;Até 10.000;1
3525854;Jumirim;2021;3.343;Até 10.000;1
3505005;Barão de Antonina;2021;3.407;Até 10.000;1
3500204;Adolfo;2021;3.436;Até 10.000;1
3543600;Rifaina;2021;3.470;Até 10.000;1
3514924;Elisiário;2021;3.518;Até 10.000;1
3539707;Platina;2021;3.528;Até 10.000;1
3538303;Piquerobi;2021;3.532;Até 10.000;1
3528205;Macedônia;2021;3.562;Até 10.000;1
3501202;Álvares Florence;2021;3.596;Até 10.000;1
3551207;Sarutaiá;2021;3.652;Até 10.000;1
3522000;Itaju;2021;3.688;Até 10.000;1
3504701;Balbinos;2021;3.707;Até 10.000;1
3529609;Meridiano;2021;3.725;Até 10.000;1
3541653;Quadra;2021;3.745;Até 10.000;1
3533205;Nova Independência;2021;3.774;Até 10.000;1
3542305;Redenção da Serra;2021;3.834;Até 10.000;1
3520707;Indiaporã;2021;3.847;Até 10.000;1
3503505;Areias;2021;3.860;Até 10.000;1
3507159;Bom Sucesso de Itararé;2021;3.894;Até 10.000;1
3535903;Paranapuã;2021;3.895;Até 10.000;1
3520806;Inúbia Paulista;2021;3.913;Até 10.000;1
3500808;Alfredo Marcondes;2021;3.924;Até 10.000;1
3512704;Corumbataí;2021;3.969;Até 10.000;1
3540408;Populina;2021;3.977;Até 10.000;1
3528908;Mariápolis;2021;3.979;Até 10.000;1
3502408;Anhumas;2021;3.983;Até 10.000;1
3531605;Monte Castelo;2021;3.985;Até 10.000;1
3552551;Suzanápolis;2021;3.990;Até 10.000;1
3501103;Alto Alegre;2021;4.006;Até 10.000;1
3541109;Presidente Alves;2021;4.011;Até 10.000;1
3500907;Altair;2021;4.052;Até 10.000;1
3549607;São José do Barreiro;2021;4.073;Até 10.000;1
3533304;Nova Luzitânia;2021;4.083;Até 10.000;1
3508900;Caiabu;2021;4.104;Até 10.000;1
3502606;Aparecida d'Oeste;2021;4.105;Até 10.000;1
3533700;Ocauçu;2021;4.143;Até 10.000;1
3522653;Itapirapuã Paulista;2021;4.214;Até 10.000;1
3534005;Onda Verde;2021;4.250;Até 10.000;1
3545506;Sandovalina;2021;4.257;Até 10.000;1
3532108;Murutinga do Sul;2021;4.283;Até 10.000;1
3508306;Cabrália Paulista;2021;4.306;Até 10.000;1
3508207;Buritizal;2021;4.323;Até 10.000;1
3543204;Ribeirão do Sul;2021;4.351;Até 10.000;1
3546207;Santa Cruz da Conceição;2021;4.372;Até 10.000;1
3525607;João Ramalho;2021;4.404;Até 10.000;1
3521200;Iporanga;2021;4.424;Até 10.000;1
3527801;Lupércio;2021;4.428;Até 10.000;1
3531704;Monteiro Lobato;2021;4.491;Até 10.000;1
3540259;Pontalinda;2021;4.515;Até 10.000;1
3516853;Gavião Peixoto;2021;4.627;Até 10.000;1
3525805;Júlio Mesquita;2021;4.658;Até 10.000;1
3532058;Motuca;2021;4.665;Até 10.000;1
3555505;Ubirajara;2021;4.684;Até 10.000;1
3543105;Ribeirão Corrente;2021;4.698;Até 10.000;1
3548401;Santópolis do Aguapeí;2021;4.698;Até 10.000;1
3554201;Tejupá;2021;4.707;Até 10.000;1
3530409;Mirassolândia;2021;4.736;Até 10.000;1
3517109;Glicério;2021;4.762;Até 10.000;1
3520608;Indiana;2021;4.771;Até 10.000;1
3507308;Boracéia;2021;4.798;Até 10.000;1
3516804;Gastão Vidigal;2021;4.811;Até 10.000;1
3526308;Lagoinha;2021;4.821;Até 10.000;1
3512605;Coronel Macedo;2021;4.839;Até 10.000;1
3509809;Campos Novos Paulista;2021;4.841;Até 10.000;1
3515194;Espírito Santo do Turvo;2021;4.850;Até 10.000;1
3532207;Narandiba;2021;4.888;Até 10.000;1
3502002;Analândia;2021;4.895;Até 10.000;1
3528700;Marabá Paulista;2021;4.942;Até 10.000;1
3523008;Itapura;2021;4.965;Até 10.000;1
3532702;Nipoã;2021;5.014;Até 10.000;1
3510153;Canitar;2021;5.051;Até 10.000;1
3529500;Mendonça;2021;5.069;Até 10.000;1
3501400;Álvaro de Carvalho;2021;5.079;Até 10.000;1
3509957;Canas;2021;5.120;Até 10.000;1
3518909;Guzolândia;2021;5.134;Até 10.000;1
3545100;Salmourão;2021;5.138;Até 10.000;1
3541059;Pratânia;2021;5.210;Até 10.000;1
3539608;Planalto;2021;5.221;Até 10.000;1
3521150;Ipiguá;2021;5.286;Até 10.000;1
3504305;Avaí;2021;5.314;Até 10.000;1
3544608;Sabino;2021;5.485;Até 10.000;1
3503000;Aramina;2021;5.515;Até 10.000;1
3546504;Santa Ernestina;2021;5.527;Até 10.000;1
3517307;Guaimbê;2021;5.547;Até 10.000;1
3554904;Três Fronteiras;2021;5.550;Até 10.000;1
3505351;Barra do Chapéu;2021;5.561;Até 10.000;1
3515608;Fernando Prestes;2021;5.568;Até 10.000;1
3533254;Novais;2021;5.575;Até 10.000;1
3507704;Braúna;2021;5.593;Até 10.000;1
3509106;Caiuá;2021;5.642;Até 10.000;1
3545704;Santa Albertina;2021;5.657;Até 10.000;1
3539905;Poloni;2021;5.681;Até 10.000;1
3543501;Riversul;2021;5.686;Até 10.000;1
3501806;Américo de Campos;2021;5.730;Até 10.000;1
3553856;Taquarivaí;2021;5.803;Até 10.000;1
3527702;Luiziânia;2021;5.813;Até 10.000;1
3548104;Santo Antônio do Jardim;2021;5.823;Até 10.000;1
3509452;Campina do Monte Alegre;2021;5.832;Até 10.000;1
3500758;Alambari;2021;5.856;Até 10.000;1
3537701;Piacatu;2021;5.936;Até 10.000;1
3500550;Águas de Santa Bárbara;2021;5.957;Até 10.000;1
3512506;Coroados;2021;5.971;Até 10.000;1
3536802;Pedra Bela;2021;5.974;Até 10.000;1
3512100;Colômbia;2021;6.048;Até 10.000;1
3553104;Taiaçu;2021;6.048;Até 10.000;1
3552908;Taciba;2021;6.081;Até 10.000;1
3544806;Sales;2021;6.082;Até 10.000;1
3555356;Ubarana;2021;6.126;Até 10.000;1
3503109;Arandu;2021;6.168;Até 10.000;1
3514700;Echaporã;2021;6.208;Até 10.000;1
3547007;Santa Maria da Serra;2021;6.208;Até 10.000;1
3552007;Silveiras;2021;6.240;Até 10.000;1
3519204;Iacri;2021;6.255;Até 10.000;1
3553203;Taiúva;2021;6.265;Até 10.000;1
3524907;Jambeiro;2021;6.272;Até 10.000;1
3534104;Oriente;2021;6.275;Até 10.000;1
3535705;Paraíso;2021;6.293;Até 10.000;1
3523701;Itirapuã;2021;6.311;Até 10.000;1
3536109;Pardinho;2021;6.467;Até 10.000;1
3518107;Guarantã;2021;6.485;Até 10.000;1
3532801;Nova Aliança;2021;6.487;Até 10.000;1
3516606;Gália;2021;6.537;Até 10.000;1
3542008;Quintana;2021;6.539;Até 10.000;1
3554953;Tuiuti;2021;6.597;Até 10.000;1
3548203;Santo Antônio do Pinhal;2021;6.643;Até 10.000;1
3547908;Santo Antônio da Alegria;2021;6.661;Até 10.000;1
3524204;Jaborandi;2021;6.681;Até 10.000;1
3532306;Natividade da Serra;2021;6.703;Até 10.000;1
3502309;Anhembi;2021;6.755;Até 10.000;1
3519253;Iaras;2021;6.943;Até 10.000;1
3534203;Orindiúva;2021;6.951;Até 10.000;1
3512902;Cosmorama;2021;6.976;Até 10.000;1
3524501;Jaci;2021;7.052;Até 10.000;1
3542503;Reginópolis;2021;7.204;Até 10.000;1
3536406;Paulicéia;2021;7.213;Até 10.000;1
3526605;Lavrinhas;2021;7.218;Até 10.000;1
3521606;Irapuru;2021;7.295;Até 10.000;1
3533601;Nuporanga;2021;7.297;Até 10.000;1
3553906;Tarabai;2021;7.327;Até 10.000;1
3505104;Barbosa;2021;7.345;Até 10.000;1
3550506;São Pedro do Turvo;2021;7.389;Até 10.000;1
3518859;Guatapará;2021;7.482;Até 10.000;1
3543253;Ribeirão Grande;2021;7.515;Até 10.000;1
3511201;Catiguá;2021;7.555;Até 10.000;1
3519501;Ibirarema;2021;7.570;Até 10.000;1
3542701;Restinga;2021;7.575;Até 10.000;1
3523800;Itobi;2021;7.608;Até 10.000;1
3553500;Tapiraí;2021;7.705;Até 10.000;1
3505401;Barra do Turvo;2021;7.709;Até 10.000;1
3521101;Ipeúna;2021;7.711;Até 10.000;1
3552304;Sud Mennucci;2021;7.728;Até 10.000;1
3528106;Macaubal;2021;7.738;Até 10.000;1
3521507;Irapuã;2021;7.767;Até 10.000;1
3527009;Lindóia;2021;7.789;Até 10.000;1
3531209;Monte Alegre do Sul;2021;7.792;Até 10.000;1
3500402;Águas da Prata;2021;7.807;Até 10.000;1
3506409;Bilac;2021;7.855;Até 10.000;1
3545159;Saltinho;2021;7.898;Até 10.000;1
3519907;Iepê;2021;7.943;Até 10.000;1
3519808;Icém;2021;8.077;Até 10.000;1
3515202;Estrela d'Oeste;2021;8.083;Até 10.000;1
3556909;Vista Alegre do Alto;2021;8.091;Até 10.000;1
3503406;Arealva;2021;8.223;Até 10.000;1
3548054;Santo Antônio do Aracanguá;2021;8.297;Até 10.000;1
3534807;Ouro Verde;2021;8.306;Até 10.000;1
3517802;Guaraçaí;2021;8.400;Até 10.000;1
3511904;Clementina;2021;8.413;Até 10.000;1
3514304;Dourado;2021;8.466;Até 10.000;1
3526506;Lavínia;2021;8.476;Até 10.000;1
3513207;Cristais Paulista;2021;8.494;Até 10.000;1
3537503;Pereiras;2021;8.507;Até 10.000;1
3536604;Paulo de Faria;2021;8.520;Até 10.000;1
3504800;Bálsamo;2021;8.542;Até 10.000;1
3555802;Urânia;2021;8.584;Até 10.000;1
3546900;Santa Lúcia;2021;8.590;Até 10.000;1
3532504;Neves Paulista;2021;8.592;Até 10.000;1
3549508;São José da Bela Vista;2021;8.762;Até 10.000;1
3511300;Cedral;2021;8.895;Até 10.000;1
3514007;Dobrada;2021;8.985;Até 10.000;1
3542107;Rafard;2021;9.014;Até 10.000;1
3535200;Palmeira d'Oeste;2021;9.092;Até 10.000;1
3545407;Salto Grande;2021;9.125;Até 10.000;1
3554409;Terra Roxa;2021;9.170;Até 10.000;1
3519006;Herculândia;2021;9.310;Até 10.000;1
3520202;Igaratá;2021;9.354;Até 10.000;1
3503703;Ariranha;2021;9.378;Até 10.000;1
3540507;Porangaba;2021;9.380;Até 10.000;1
3515350;Euclides da Cunha Paulista;2021;9.549;Até 10.000;1
3528601;Manduri;2021;9.562;Até 10.000;1
3514601;Dumont;2021;9.659;Até 10.000;1
3555604;Uchoa;2021;9.689;Até 10.000;1
3543808;Rinópolis;2021;9.700;Até 10.000;1
3554706;Torrinha;2021;9.736;Até 10.000;1
3532827;Nova Campina;2021;9.787;Até 10.000;1
3534757;Ouroeste;2021;9.871;Até 10.000;1
3556354;Vargem;2021;10.094;De 10.001 a 50.000;2
3509304;Cajobi;2021;10.124;De 10.001 a 50.000;2
3551108;Sarapuí;2021;10.206;De 10.001 a 50.000;2
3520426;Ilha Comprida;2021;10.410;De 10.001 a 50.000;2
3536000;Parapuã;2021;10.473;De 10.001 a 50.000;2
3543709;Rincão;2021;10.506;De 10.001 a 50.000;2
3556602;Vera Cruz;2021;10.506;De 10.001 a 50.000;2
3548609;São Bento do Sapucaí;2021;10.539;De 10.001 a 50.000;2
3550001;São Luiz do Paraitinga;2021;10.584;De 10.001 a 50.000;2
3516903;General Salgado;2021;10.632;De 10.001 a 50.000;2
3504909;Bananal;2021;10.691;De 10.001 a 50.000;2
3544301;Roseira;2021;10.723;De 10.001 a 50.000;2
3532603;Nhandeara;2021;10.760;De 10.001 a 50.000;2
3506300;Bernardino de Campos;2021;10.793;De 10.001 a 50.000;2
3539004;Pirangi;2021;10.825;De 10.001 a 50.000;2
3517000;Getulina;2021;10.856;De 10.001 a 50.000;2
3532900;Nova Europa;2021;10.863;De 10.001 a 50.000;2
3513900;Divinolândia;2021;10.865;De 10.001 a 50.000;2
3503604;Areiópolis;2021;10.900;De 10.001 a 50.000;2
3517901;Guaraci;2021;11.050;De 10.001 a 50.000;2
3537206;Pedro de Toledo;2021;11.055;De 10.001 a 50.000;2
3557303;Estiva Gerbi;2021;11.156;De 10.001 a 50.000;2
3506904;Bofete;2021;11.194;De 10.001 a 50.000;2
3519105;Iacanga;2021;11.410;De 10.001 a 50.000;2
3544202;Riolândia;2021;11.501;De 10.001 a 50.000;2
3544905;Sales Oliveira;2021;11.580;De 10.001 a 50.000;2
3510708;Cardoso;2021;11.712;De 10.001 a 50.000;2
3552601;Tabapuã;2021;11.918;De 10.001 a 50.000;2
3550803;São Sebastião da Grama;2021;11.929;De 10.001 a 50.000;2
3514502;Duartina;2021;11.941;De 10.001 a 50.000;2
3517208;Guaiçara;2021;12.045;De 10.001 a 50.000;2
3516002;Flórida Paulista;2021;12.060;De 10.001 a 50.000;2
3519402;Ibirá;2021;12.132;De 10.001 a 50.000;2
3504404;Avanhandava;2021;12.188;De 10.001 a 50.000;2
3535002;Palestina;2021;12.220;De 10.001 a 50.000;2
3557204;Chavantes;2021;12.229;De 10.001 a 50.000;2
3506805;Bocaina;2021;12.243;De 10.001 a 50.000;2
3509908;Cananéia;2021;12.379;De 10.001 a 50.000;2
3551405;Serra Azul;2021;12.381;De 10.001 a 50.000;2
3553609;Tapiratiba;2021;12.602;De 10.001 a 50.000;2
3529807;Mineiros do Tietê;2021;12.641;De 10.001 a 50.000;2
3551801;Sete Barras;2021;12.643;De 10.001 a 50.000;2
3525508;Joanópolis;2021;12.720;De 10.001 a 50.000;2
3541901;Queluz;2021;12.735;De 10.001 a 50.000;2
3556107;Valentim Gentil;2021;12.897;De 10.001 a 50.000;2
3542909;Ribeirão Bonito;2021;13.033;De 10.001 a 50.000;2
3534906;Pacaembu;2021;13.041;De 10.001 a 50.000;2
3535101;Palmares Paulista;2021;13.154;De 10.001 a 50.000;2
3556008;Urupês;2021;13.181;De 10.001 a 50.000;2
3539400;Piratininga;2021;13.305;De 10.001 a 50.000;2
3532009;Morungaba;2021;13.359;De 10.001 a 50.000;2
3553005;Taguaí;2021;13.503;De 10.001 a 50.000;2
3528809;Maracaí;2021;13.526;De 10.001 a 50.000;2
3538501;Piquete;2021;13.621;De 10.001 a 50.000;2
3541208;Presidente Bernardes;2021;13.713;De 10.001 a 50.000;2
3522901;Itapuí;2021;13.913;De 10.001 a 50.000;2
3541703;Quatá;2021;14.025;De 10.001 a 50.000;2
3546009;Santa Branca;2021;14.212;De 10.001 a 50.000;2
3527603;Luís Antônio;2021;14.358;De 10.001 a 50.000;2
3504206;Auriflama;2021;14.478;De 10.001 a 50.000;2
3520905;Ipaussu;2021;14.578;De 10.001 a 50.000;2
3536307;Patrocínio Paulista;2021;14.592;De 10.001 a 50.000;2
3521903;Itajobi;2021;14.602;De 10.001 a 50.000;2
3506706;Boa Esperança do Sul;2021;14.658;De 10.001 a 50.000;2
3522802;Itaporanga;2021;14.710;De 10.001 a 50.000;2
3519055;Holambra;2021;14.711;De 10.001 a 50.000;2
3538204;Pinhalzinho;2021;14.877;De 10.001 a 50.000;2
3555109;Tupi Paulista;2021;14.877;De 10.001 a 50.000;2
3550902;São Simão;2021;14.891;De 10.001 a 50.000;2
3545605;Santa Adélia;2021;14.929;De 10.001 a 50.000;2
3553955;Tarumã;2021;14.951;De 10.001 a 50.000;2
3535408;Panorama;2021;15.253;De 10.001 a 50.000;2
3514809;Eldorado;2021;15.331;De 10.001 a 50.000;2
3507407;Borborema;2021;15.370;De 10.001 a 50.000;2
3501004;Altinópolis;2021;15.547;De 10.001 a 50.000;2
3515400;Fartura;2021;15.679;De 10.001 a 50.000;2
3549953;São Lourenço da Serra;2021;15.721;De 10.001 a 50.000;2
3518503;Guareí;2021;15.844;De 10.001 a 50.000;2
3552700;Tabatinga;2021;15.996;De 10.001 a 50.000;2
3521309;Ipuã;2021;16.001;De 10.001 a 50.000;2
3537008;Pedregulho;2021;16.319;De 10.001 a 50.000;2
3538105;Pindorama;2021;16.331;De 10.001 a 50.000;2
3504602;Bady Bassitt;2021;16.441;De 10.001 a 50.000;2
3508108;Buritama;2021;16.673;De 10.001 a 50.000;2
3540804;Potirendaba;2021;16.677;De 10.001 a 50.000;2
3545001;Salesópolis;2021;16.945;De 10.001 a 50.000;2
3528007;Macatuba;2021;16.981;De 10.001 a 50.000;2
3511706;Charqueada;2021;17.075;De 10.001 a 50.000;2
3512308;Conchas;2021;17.203;De 10.001 a 50.000;2
3524600;Jacupiranga;2021;17.237;De 10.001 a 50.000;2
3551900;Severínia;2021;17.263;De 10.001 a 50.000;2
3523602;Itirapina;2021;17.284;De 10.001 a 50.000;2
3508801;Cafelândia;2021;17.286;De 10.001 a 50.000;2
3511607;Cesário Lange;2021;17.360;De 10.001 a 50.000;2
3523305;Itariri;2021;17.442;De 10.001 a 50.000;2
3514908;Elias Fausto;2021;17.459;De 10.001 a 50.000;2
3512001;Colina;2021;17.606;De 10.001 a 50.000;2
3521705;Itaberá;2021;17.615;De 10.001 a 50.000;2
3543006;Ribeirão Branco;2021;17.683;De 10.001 a 50.000;2
3530201;Mirante do Paranapanema;2021;17.831;De 10.001 a 50.000;2
3517604;Guapiara;2021;17.832;De 10.001 a 50.000;2
3501152;Alumínio;2021;18.069;De 10.001 a 50.000;2
3531506;Monte Azul Paulista;2021;18.131;De 10.001 a 50.000;2
3535606;Paraibuna;2021;18.304;De 10.001 a 50.000;2
3544251;Rosana;2021;18.320;De 10.001 a 50.000;2
3556800;Viradouro;2021;18.421;De 10.001 a 50.000;2
3500501;Águas de Lindóia;2021;18.438;De 10.001 a 50.000;2
3532405;Nazaré Paulista;2021;18.611;De 10.001 a 50.000;2
3526100;Juquiá;2021;18.856;De 10.001 a 50.000;2
3508702;Caconde;2021;18.893;De 10.001 a 50.000;2
3539103;Pirapora do Bom Jesus;2021;19.139;De 10.001 a 50.000;2
3536208;Pariquera-Açu;2021;19.311;De 10.001 a 50.000;2
3511409;Cerqueira César;2021;19.350;De 10.001 a 50.000;2
3542404;Regente Feijó;2021;19.556;De 10.001 a 50.000;2
3508009;Buri;2021;19.819;De 10.001 a 50.000;2
3529906;Miracatu;2021;19.961;De 10.001 a 50.000;2
3547700;Santo Anastácio;2021;20.106;De 10.001 a 50.000;2
3535804;Paranapanema;2021;20.151;De 10.001 a 50.000;2
3526001;Junqueirópolis;2021;20.174;De 10.001 a 50.000;2
3505807;Bastos;2021;20.296;De 10.001 a 50.000;2
3523503;Itatinga;2021;20.752;De 10.001 a 50.000;2
3540754;Potim;2021;20.815;De 10.001 a 50.000;2
3510302;Capela do Alto;2021;20.828;De 10.001 a 50.000;2
3515152;Engenheiro Coelho;2021;20.884;De 10.001 a 50.000;2
3517703;Guará;2021;20.907;De 10.001 a 50.000;2
3511003;Castilho;2021;20.937;De 10.001 a 50.000;2
3533007;Nova Granada;2021;21.054;De 10.001 a 50.000;2
3517505;Guapiaçu;2021;21.060;De 10.001 a 50.000;2
3527405;Lucélia;2021;21.092;De 10.001 a 50.000;2
3540903;Pradópolis;2021;21.167;De 10.001 a 50.000;2
3502754;Araçariguama;2021;21.289;De 10.001 a 50.000;2
3540002;Pompéia;2021;21.384;De 10.001 a 50.000;2
3529708;Miguelópolis;2021;21.500;De 10.001 a 50.000;2
3535309;Palmital;2021;21.609;De 10.001 a 50.000;2
3513603;Cunha;2021;21.660;De 10.001 a 50.000;2
3554300;Teodoro Sampaio;2021;22.495;De 10.001 a 50.000;2
3553302;Tambaú;2021;22.846;De 10.001 a 50.000;2
3548005;Santo Antônio de Posse;2021;23.027;De 10.001 a 50.000;2
3553807;Taquarituba;2021;23.246;De 10.001 a 50.000;2
3538907;Pirajuí;2021;23.274;De 10.001 a 50.000;2
3531407;Monte Aprazível;2021;23.561;De 10.001 a 50.000;2
3501301;Álvares Machado;2021;23.828;De 10.001 a 50.000;2
3521408;Iracemápolis;2021;23.907;De 10.001 a 50.000;2
3507902;Brotas;2021;24.039;De 10.001 a 50.000;2
3556305;Valparaíso;2021;24.099;De 10.001 a 50.000;2
3507803;Brodowski;2021;24.132;De 10.001 a 50.000;2
3520004;Igaraçu do Tietê;2021;24.206;De 10.001 a 50.000;2
3512407;Cordeirópolis;2021;24.615;De 10.001 a 50.000;2
3507100;Bom Jesus dos Perdões;2021;24.625;De 10.001 a 50.000;2
3502200;Angatuba;2021;24.697;De 10.001 a 50.000;2
3502705;Apiaí;2021;24.711;De 10.001 a 50.000;2
3553401;Tanabi;2021;25.147;De 10.001 a 50.000;2
3537404;Pereira Barreto;2021;25.411;De 10.001 a 50.000;2
3547601;Santa Rosa de Viterbo;2021;25.732;De 10.001 a 50.000;2
3520442;Ilha Solteira;2021;25.754;De 10.001 a 50.000;2
3529203;Martinópolis;2021;25.778;De 10.001 a 50.000;2
3509403;Cajuru;2021;25.850;De 10.001 a 50.000;2
3547502;Santa Rita do Passa Quatro;2021;26.355;De 10.001 a 50.000;2
3538600;Piracaia;2021;26.379;De 10.001 a 50.000;2
3546702;Santa Gertrudes;2021;26.572;De 10.001 a 50.000;2
3521804;Itaí;2021;26.725;De 10.001 a 50.000;2
3514106;Dois Córregos;2021;27.151;De 10.001 a 50.000;2
3539202;Pirapozinho;2021;27.425;De 10.001 a 50.000;2
3512209;Conchal;2021;27.445;De 10.001 a 50.000;2
3551603;Serra Negra;2021;27.486;De 10.001 a 50.000;2
3526407;Laranjal Paulista;2021;28.042;De 10.001 a 50.000;2
3537909;Pilar do Sul;2021;28.355;De 10.001 a 50.000;2
3538808;Piraju;2021;28.552;De 10.001 a 50.000;2
3530102;Mirandópolis;2021;28.715;De 10.001 a 50.000;2
3542206;Rancharia;2021;28.855;De 10.001 a 50.000;2
3509254;Cajati;2021;29.116;De 10.001 a 50.000;2
3510807;Casa Branca;2021;29.549;De 10.001 a 50.000;2
3520301;Iguape;2021;29.555;De 10.001 a 50.000;2
3520103;Igarapava;2021;29.560;De 10.001 a 50.000;2
3518305;Guararema;2021;29.736;De 10.001 a 50.000;2
3510005;Cândido Mota;2021;30.010;De 10.001 a 50.000;2
3525201;Jarinu;2021;30.330;De 10.001 a 50.000;2
3526209;Juquitiba;2021;30.579;De 10.001 a 50.000;2
3546603;Santa Fé do Sul;2021;30.897;De 10.001 a 50.000;2
3534609;Osvaldo Cruz;2021;31.256;De 10.001 a 50.000;2
3550209;São Miguel Arcanjo;2021;32.115;De 10.001 a 50.000;2
3518206;Guararapes;2021;32.160;De 10.001 a 50.000;2
3508603;Cachoeira Paulista;2021;32.381;De 10.001 a 50.000;2
3513702;Descalvado;2021;32.516;De 10.001 a 50.000;2
3531902;Morro Agudo;2021;32.603;De 10.001 a 50.000;2
3505609;Barrinha;2021;32.658;De 10.001 a 50.000;2
3506607;Biritiba Mirim;2021;32.683;De 10.001 a 50.000;2
3502903;Araçoiaba da Serra;2021;32.846;De 10.001 a 50.000;2
3520400;Ilhabela;2021;33.821;De 10.001 a 50.000;2
3500105;Adamantina;2021;33.869;De 10.001 a 50.000;2
3546306;Santa Cruz das Palmeiras;2021;34.031;De 10.001 a 50.000;2
3505203;Bariri;2021;34.180;De 10.001 a 50.000;2
3550407;São Pedro;2021;34.408;De 10.001 a 50.000;2
3513108;Cravinhos;2021;34.637;De 10.001 a 50.000;2
3544004;Rio das Pedras;2021;34.768;De 10.001 a 50.000;2
3521002;Iperó;2021;34.800;De 10.001 a 50.000;2
3505302;Barra Bonita;2021;34.864;De 10.001 a 50.000;2
3519303;Ibaté;2021;35.044;De 10.001 a 50.000;2
3502507;Aparecida;2021;35.744;De 10.001 a 50.000;2
3500303;Aguaí;2021;35.885;De 10.001 a 50.000;2
3525706;José Bonifácio;2021;36.229;De 10.001 a 50.000;2
3500709;Agudos;2021;36.255;De 10.001 a 50.000;2
3541505;Presidente Venceslau;2021;37.981;De 10.001 a 50.000;2
3539509;Pitangueiras;2021;38.852;De 10.001 a 50.000;2
3552106;Socorro;2021;38.896;De 10.001 a 50.000;2
3533502;Novo Horizonte;2021;39.124;De 10.001 a 50.000;2
3517406;Guaíra;2021;39.154;De 10.001 a 50.000;2
3518602;Guariba;2021;39.285;De 10.001 a 50.000;2
3550100;São Manuel;2021;39.678;De 10.001 a 50.000;2
3541604;Promissão;2021;40.001;De 10.001 a 50.000;2
3524105;Ituverava;2021;40.333;De 10.001 a 50.000;2
3501707;Américo Brasiliense;2021;40.676;De 10.001 a 50.000;2
3554508;Tietê;2021;41.405;De 10.001 a 50.000;2
3522703;Itápolis;2021;41.648;De 10.001 a 50.000;2
3556404;Vargem Grande do Sul;2021;41.684;De 10.001 a 50.000;2
3516705;Garça;2021;42.385;De 10.001 a 50.000;2
3534302;Orlândia;2021;42.436;De 10.001 a 50.000;2
3541307;Presidente Epitácio;2021;42.484;De 10.001 a 50.000;2
3515186;Espírito Santo do Pinhal;2021;42.639;De 10.001 a 50.000;2
3525102;Jardinópolis;2021;43.258;De 10.001 a 50.000;2
3535507;Paraguaçu Paulista;2021;44.310;De 10.001 a 50.000;2
3545308;Salto de Pirapora;2021;44.522;De 10.001 a 50.000;2
3551504;Serrana;2021;44.870;De 10.001 a 50.000;2
3514403;Dracena;2021;45.088;De 10.001 a 50.000;2
3536703;Pederneiras;2021;45.877;De 10.001 a 50.000;2
3546405;Santa Cruz do Rio Pardo;2021;46.276;De 10.001 a 50.000;2
3554805;Tremembé;2021;46.364;De 10.001 a 50.000;2
3510203;Capão Bonito;2021;46.521;De 10.001 a 50.000;2
3528403;Mairinque;2021;46.569;De 10.001 a 50.000;2
3537107;Pedreira;2021;46.908;De 10.001 a 50.000;2
3511508;Cerquilho;2021;46.932;De 10.001 a 50.000;2
3524808;Jales;2021;47.242;De 10.001 a 50.000;2
3531308;Monte Alto;2021;48.469;De 10.001 a 50.000;2
3527306;Louveira;2021;48.965;De 10.001 a 50.000;2
3523206;Itararé;2021;49.149;De 10.001 a 50.000;2
3540200;Pontal;2021;49.889;De 10.001 a 50.000;2
3508405;Cabreúva;2021;50.112;De 50.001 a 100.000;3
3509700;Campos do Jordão;2021;50.307;De 50.001 a 100.000;3
3544103;Rio Grande da Serra;2021;50.313;De 50.001 a 100.000;3
3549409;São Joaquim da Barra;2021;50.553;De 50.001 a 100.000;3
3540606;Porto Feliz;2021;51.907;De 50.001 a 100.000;3
3533908;Olímpia;2021;52.670;De 50.001 a 100.000;3
3503802;Artur Nogueira;2021;53.224;De 50.001 a 100.000;3
3549706;São José do Rio Pardo;2021;53.277;De 50.001 a 100.000;3
3556453;Vargem Grande Paulista;2021;53.613;De 50.001 a 100.000;3
3537800;Piedade;2021;53.656;De 50.001 a 100.000;3
3542602;Registro;2021;54.270;De 50.001 a 100.000;3
3540705;Porto Ferreira;2021;54.274;De 50.001 a 100.000;3
3553708;Taquaritinga;2021;54.531;De 50.001 a 100.000;3
3510401;Capivari;2021;54.686;De 50.001 a 100.000;3
3531100;Mongaguá;2021;55.216;De 50.001 a 100.000;3
3546801;Santa Isabel;2021;55.436;De 50.001 a 100.000;3
3524709;Jaguariúna;2021;55.477;De 50.001 a 100.000;3
3502101;Andradina;2021;56.087;De 50.001 a 100.000;3
3507001;Boituva;2021;57.987;De 50.001 a 100.000;3
3530300;Mirassol;2021;58.112;De 50.001 a 100.000;3
3533403;Nova Odessa;2021;58.490;De 50.001 a 100.000;3
3519600;Ibitinga;2021;58.860;De 50.001 a 100.000;3
3524006;Itupeva;2021;60.255;De 50.001 a 100.000;3
3505906;Batatais;2021;60.502;De 50.001 a 100.000;3
3531803;Monte Mor;2021;60.555;De 50.001 a 100.000;3
3537305;Penápolis;2021;60.902;De 50.001 a 100.000;3
3555000;Tupã;2021;62.720;De 50.001 a 100.000;3
3506359;Bertioga;2021;64.526;De 50.001 a 100.000;3
3515509;Fernandópolis;2021;66.131;De 50.001 a 100.000;3
3526803;Lençóis Paulista;2021;66.695;De 50.001 a 100.000;3
3530508;Mococa;2021;66.719;De 50.001 a 100.000;3
3537602;Peruíbe;2021;66.747;De 50.001 a 100.000;3
3515103;Embu-Guaçu;2021;68.565;De 50.001 a 100.000;3
3501905;Amparo;2021;69.861;De 50.001 a 100.000;3
3522604;Itapira;2021;71.609;De 50.001 a 100.000;3
3512803;Cosmópolis;2021;72.215;De 50.001 a 100.000;3
3539301;Pirassununga;2021;73.921;De 50.001 a 100.000;3
3506102;Bebedouro;2021;73.969;De 50.001 a 100.000;3
3524303;Jaboticabal;2021;74.352;De 50.001 a 100.000;3
3527108;Lins;2021;75.318;De 50.001 a 100.000;3
3519709;Ibiúna;2021;76.867;De 50.001 a 100.000;3
3556701;Vinhedo;2021;78.440;De 50.001 a 100.000;3
3509205;Cajamar;2021;78.786;De 50.001 a 100.000;3
3513405;Cruzeiro;2021;80.128;De 50.001 a 100.000;3
3529302;Matão;2021;80.174;De 50.001 a 100.000;3
3509601;Campo Limpo Paulista;2021;83.530;De 50.001 a 100.000;3
3527207;Lorena;2021;86.952;De 50.001 a 100.000;3
3549102;São João da Boa Vista;2021;87.537;De 50.001 a 100.000;3
3504503;Avaré;2021;87.854;De 50.001 a 100.000;3
3550605;São Roque;2021;88.032;De 50.001 a 100.000;3
3550704;São Sebastião;2021;88.156;De 50.001 a 100.000;3
3555406;Ubatuba;2021;89.782;De 50.001 a 100.000;3
3530805;Mogi Mirim;2021;90.657;De 50.001 a 100.000;3
3503901;Arujá;2021;90.958;De 50.001 a 100.000;3
3508504;Caçapava;2021;91.646;De 50.001 a 100.000;3
3522406;Itapeva;2021;92.123;De 50.001 a 100.000;3
3557105;Votuporanga;2021;92.193;De 50.001 a 100.000;3
3522109;Itanhaém;2021;99.751;De 50.001 a 100.000;3
3528502;Mairiporã;2021;100.034;De 100.001 a 500.000;4
3526704;Leme;2021;101.693;De 100.001 a 500.000;4
3509007;Caieiras;2021;101.748;De 100.001 a 500.000;4
3504008;Assis;2021;101.825;De 100.001 a 500.000;4
3536505;Paulínia;2021;106.781;De 100.001 a 500.000;4
3534708;Ourinhos;2021;111.039;De 100.001 a 500.000;4
3545209;Salto;2021;116.089;De 100.001 a 500.000;4
3539806;Poá;2021;116.289;De 100.001 a 500.000;4
3510500;Caraguatatuba;2021;117.090;De 100.001 a 500.000;4
3511102;Catanduva;2021;117.414;De 100.001 a 500.000;4
3505500;Barretos;2021;118.419;De 100.001 a 500.000;4
3518404;Guaratinguetá;2021;118.741;De 100.001 a 500.000;4
3523404;Itatiba;2021;119.084;De 100.001 a 500.000;4
3543303;Ribeirão Pires;2021;119.339;De 100.001 a 500.000;4
3557006;Votorantim;2021;120.662;De 100.001 a 500.000;4
3554003;Tatuí;2021;121.202;De 100.001 a 500.000;4
3556503;Várzea Paulista;2021;121.482;De 100.001 a 500.000;4
3506508;Birigui;2021;122.161;De 100.001 a 500.000;4
3551702;Sertãozinho;2021;123.148;De 100.001 a 500.000;4
3525003;Jandira;2021;124.940;De 100.001 a 500.000;4
3556206;Valinhos;2021;125.800;De 100.001 a 500.000;4
3513504;Cubatão;2021;130.025;De 100.001 a 500.000;4
3503307;Araras;2021;131.931;De 100.001 a 500.000;4
3504107;Atibaia;2021;140.589;De 100.001 a 500.000;4
3547304;Santana de Parnaíba;2021;140.616;De 100.001 a 500.000;4
3507506;Botucatu;2021;142.092;De 100.001 a 500.000;4
3525300;Jaú;2021;148.613;De 100.001 a 500.000;4
3530706;Mogi Guaçu;2021;149.071;De 100.001 a 500.000;4
3548807;São Caetano do Sul;2021;151.111;De 100.001 a 500.000;4
3516408;Franco da Rocha;2021;153.903;De 100.001 a 500.000;4
3522307;Itapetininga;2021;161.509;De 100.001 a 500.000;4
3538006;Pindamonhangaba;2021;164.753;De 100.001 a 500.000;4
3507605;Bragança Paulista;2021;165.241;De 100.001 a 500.000;4
3523909;Itu;2021;170.938;De 100.001 a 500.000;4
3522208;Itapecerica da Serra;2021;171.123;De 100.001 a 500.000;4
3516309;Francisco Morato;2021;176.346;De 100.001 a 500.000;4
3545803;Santa Bárbara d'Oeste;2021;189.330;De 100.001 a 500.000;4
3502804;Araçatuba;2021;190.921;De 100.001 a 500.000;4
3515707;Ferraz de Vasconcelos;2021;195.168;De 100.001 a 500.000;4
3543907;Rio Claro;2021;202.289;De 100.001 a 500.000;4
3541406;Presidente Prudente;2021;221.938;De 100.001 a 500.000;4
3503208;Araraquara;2021;228.792;De 100.001 a 500.000;4
3524402;Jacareí;2021;229.163;De 100.001 a 500.000;4
3529005;Marília;2021;232.599;De 100.001 a 500.000;4
3519071;Hortolândia;2021;233.548;De 100.001 a 500.000;4
3501608;Americana;2021;235.075;De 100.001 a 500.000;4
3522505;Itapevi;2021;241.150;De 100.001 a 500.000;4
3548906;São Carlos;2021;244.036;De 100.001 a 500.000;4
3520509;Indaiatuba;2021;245.366;De 100.001 a 500.000;4
3513009;Cotia;2021;251.382;De 100.001 a 500.000;4
3505708;Barueri;2021;266.236;De 100.001 a 500.000;4
3515004;Embu das Artes;2021;273.266;De 100.001 a 500.000;4
3552403;Sumaré;2021;286.462;De 100.001 a 500.000;4
3552809;Taboão da Serra;2021;287.155;De 100.001 a 500.000;4
3552502;Suzano;2021;293.464;De 100.001 a 500.000;4
3526902;Limeira;2021;297.662;De 100.001 a 500.000;4
3554102;Taubaté;2021;309.483;De 100.001 a 500.000;4
3518701;Guarujá;2021;318.774;De 100.001 a 500.000;4
3541000;Praia Grande;2021;321.008;De 100.001 a 500.000;4
3516200;Franca;2021;343.801;De 100.001 a 500.000;4
3551009;São Vicente;2021;360.262;De 100.001 a 500.000;4
3506003;Bauru;2021;365.523;De 100.001 a 500.000;4
3523107;Itaquaquecetuba;2021;374.997;De 100.001 a 500.000;4
3538709;Piracicaba;2021;391.464;De 100.001 a 500.000;4
3510609;Carapicuíba;2021;396.447;De 100.001 a 500.000;4
3513801;Diadema;2021;405.596;De 100.001 a 500.000;4
3525904;Jundiaí;2021;409.439;De 100.001 a 500.000;4
3548500;Santos;2021;429.513;De 100.001 a 500.000;4
3530607;Mogi das Cruzes;2021;436.883;De 100.001 a 500.000;4
3549805;São José do Rio Preto;2021;450.361;De 100.001 a 500.000;4
3529401;Mauá;2021;463.338;De 100.001 a 500.000;4
3552205;Sorocaba;2021;663.739;Mais de 500.000;5
3534401;Osasco;2021;682.876;Mais de 500.000;5
3543402;Ribeirão Preto;2021;688.894;Mais de 500.000;5
3547809;Santo André;2021;694.681;Mais de 500.000;5
3549904;São José dos Campos;2021;716.688;Mais de 500.000;5
3548708;São Bernardo do Campo;2021;815.109;Mais de 500.000;5
3509502;Campinas;2021;1.181.555;Mais de 500.000;5
3518800;Guarulhos;2021;1.361.862;Mais de 500.000;5
3550308;São Paulo;2021;11.914.851;Mais de 500.000;5
